Email,Name,Country,State,City,Telephone,Address Line 1,Address Line 2,Date of Birth,Gross Salary FY2019-20,FY2020-21,FY2021-22,FY2022-23,FY2023-24,FY2024-25
acraig@example.net,Brian Bond,French Southern Territories,Iowa,South Luisside,909.757.1837,76860 Troy Forks Apt. 765,Suite 232,1967-09-29,88161.37,90466.63,90887.44,94618.02,93402.81
millerandrea@example.com,Brandi Huff,Ukraine,Oregon,New Stephanie,001-819-603-1444x57071,602 Bush Stravenue,Apt. 263,1976-06-22,129811.28,130620.08,135898.64,133431.09,130592.01
johnhenderson@example.org,Robin Wade,Nigeria,Vermont,Matthewshire,(598)432-1241x9182,525 Robert Viaduct Apt. 658,Suite 777,1990-12-30,131231.83,124891.3,125983.8,121382.98,116192.05
qtownsend@example.net,Glen Graham,Tanzania,Pennsylvania,Aguilarborough,3944283526,72252 Brown Crossing Suite 319,Apt. 352,1996-02-16,36552.44,36907.8,38709.45,40026.84,40756.26
wreed@example.com,Rachel Rodriguez,Sudan,Iowa,Lake Derek,6402237695,50906 Sarah Shores,Apt. 186,1988-12-16,98159.62,103024.28,102573.63,102783.52,98316.96
brianschaefer@example.org,Anthony Sweeney,Solomon Islands,Rhode Island,Port Kathryn,438.477.8209x53417,84065 Donald Flats,Apt. 206,1944-04-18,89867.07,88972.32,92566.74,92272.82,91273.02
shelbycarpenter@example.net,Jennifer Powers,Vietnam,Tennessee,Davidfurt,811.900.9453x620,042 Bean Oval,Suite 196,1976-06-14,74559.56,77281.08,76331.11,77621.8,79312.39
alexander59@example.org,Andrea Avila,Solomon Islands,Minnesota,West Marymouth,500-995-2185,1601 Grant Hill Apt. 002,Apt. 208,1990-03-12,127545.7,123470.37,123373.84,124648.0,124333.18
caldwellkevin@example.net,Jill West,Switzerland,Alaska,West Nicholeberg,5044644852,35870 Daniel Square Suite 409,Suite 360,1945-06-30,139171.42,133312.42,136617.77,134460.62,135767.52
baldwinjodi@example.net,Michael Hartman,Botswana,New York,Christineborough,7257759595,642 Ashley Port,Apt. 213,1979-02-02,49228.1,51043.35,49510.09,50997.48,51127.76